{
  "M-33-20-D-c-4-2": {
    "height": 7471,
    "width": 11318,
    "left": 15.84231670656751,
    "bottom": 51.353327142877355,
    "right": 15.876418742912803,
    "top": 51.37583786151454,
    "province": "dolnośląskie"
  },
  "M-33-20-D-d-3-3": {
    "height": 7468,
    "width": 11312,
    "left": 15.873582341939292,
    "bottom": 51.33250240293153,
    "right": 15.907652794411408,
    "top": 51.35499516628565,
    "province": "dolnośląskie"
  },
  "M-33-32-B-b-4-4": {
    "height": 7464,
    "width": 11298,
    "left": 15.96738016235363,
    "bottom": 51.249192904959536,
    "right": 16.001355385486924,
    "top": 51.27163856485216,
    "province": "dolnośląskie"
  },
  "M-33-48-A-c-4-4": {
    "height": 7278,
    "width": 10960,
    "left": 17.593121900335966,
    "bottom": 50.83296171954853,
    "right": 17.625615653446676,
    "top": 50.854539231878796,
    "province": "opolskie"
  },
  "M-33-7-A-d-2-3": {
    "height": 7507,
    "width": 11420,
    "left": 15.185736682809535,
    "bottom": 51.87399168844056,
    "right": 15.2204977379952,
    "top": 51.896842059830995,
    "province": "lubuskie"
  },
  "M-33-7-A-d-3-2": {
    "height": 7514,
    "width": 11429,
    "left": 15.154475181941045,
    "bottom": 51.85314792179011,
    "right": 15.18926034614606,
    "top": 51.87601744001887,
    "province": "lubuskie"
  },
  "M-34-32-B-a-4-3": {
    "height": 7698,
    "width": 11647,
    "left": 21.81122753282322,
    "bottom": 51.24924394806989,
    "right": 21.845035486867964,
    "top": 51.2715890695807,
    "province": "lubelskie"
  },
  "M-34-32-B-b-1-3": {
    "height": 7710,
    "width": 11668,
    "left": 21.873696444866653,
    "bottom": 51.290892547145155,
    "right": 21.90756477742735,
    "top": 51.3132721189692,
    "province": "lubelskie"
  },
  "M-34-5-D-d-4-2": {
    "height": 7357,
    "width": 11097,
    "left": 20.468073135337097,
    "bottom": 51.68710607568017,
    "right": 20.500689039984852,
    "top": 51.70872950638158,
    "province": "łódzkie"
  },
  "M-34-51-C-b-2-1": {
    "height": 7158,
    "width": 10743,
    "left": 19.187414690388398,
    "bottom": 50.47911195726961,
    "right": 19.21884879086803,
    "top": 50.50005632022532,
    "province": "śląskie"
  },
  "M-34-51-C-d-4-1": {
    "height": 7168,
    "width": 10755,
    "left": 19.187417800322155,
    "bottom": 50.3541084395472,
    "right": 19.218847551944197,
    "top": 50.37505576261803,
    "province": "śląskie"
  },
  "M-34-55-B-b-4-1": {
    "height": 7661,
    "width": 11557,
    "left": 21.436423165705158,
    "bottom": 50.603505901337336,
    "right": 21.46984213006683,
    "top": 50.62565894157051,
    "province": "świętokrzyskie"
  },
  "M-34-56-A-b-1-4": {
    "height": 7710,
    "width": 11637,
    "left": 21.655074706556437,
    "bottom": 50.624281714182274,
    "right": 21.68868690023532,
    "top": 50.64655120058463,
    "province": "świętokrzyskie"
  },
  "M-34-6-A-d-2-2": {
    "height": 7398,
    "width": 11174,
    "left": 20.717953083737576,
    "bottom": 51.89537150317646,
    "right": 20.750812729337987,
    "top": 51.917126976431504,
    "province": "mazowieckie"
  },
  "M-34-65-D-a-4-4": {
    "height": 7447,
    "width": 11199,
    "left": 20.343167521560147,
    "bottom": 50.08296655792959,
    "right": 20.375598216159183,
    "top": 50.10453199972609,
    "province": "małopolskie"
  },
  "M-34-65-D-c-4-2": {
    "height": 7452,
    "width": 11206,
    "left": 20.343165862882717,
    "bottom": 50.02046715186667,
    "right": 20.37559696915328,
    "top": 50.04203386647743,
    "province": "małopolskie"
  },
  "M-34-65-D-d-4-1": {
    "height": 7473,
    "width": 11239,
    "left": 20.436877165018334,
    "bottom": 50.02044122003641,
    "right": 20.469386908670472,
    "top": 50.0420574949997,
    "province": "małopolskie"
  },
  "M-34-68-B-a-1-3": {
    "height": 7757,
    "width": 11700,
    "left": 21.748796841765557,
    "bottom": 50.29092210765277,
    "right": 21.782466830486253,
    "top": 50.313245022396906,
    "province": "podkarpackie"
  },
  "M-34-77-B-c-2-3": {
    "height": 7457,
    "width": 11208,
    "left": 20.31193273651634,
    "bottom": 49.87463921977158,
    "right": 20.34432943203967,
    "top": 49.89619365932525,
    "province": "małopolskie"
  },
  "N-33-104-A-c-1-1": {
    "height": 7336,
    "width": 11211,
    "left": 15.498301506065296,
    "bottom": 53.2282526234432,
    "right": 15.53293388895546,
    "top": 53.250914576960476,
    "province": "zachodniopomorskie"
  },
  "N-33-119-C-c-3-3": {
    "height": 3603,
    "width": 5456,
    "left": 16.99904599605739,
    "bottom": 52.666140006401854,
    "right": 17.03218726463717,
    "top": 52.68802563519455,
    "province": "wielkopolskie"
  },
  "N-33-130-A-d-3-3": {
    "height": 7266,
    "width": 11017,
    "left": 16.62387699017869,
    "bottom": 52.499376737772295,
    "right": 16.657356769713218,
    "top": 52.52145752910368,
    "province": "wielkopolskie"
  },
  "N-33-130-A-d-4-4": {
    "height": 7255,
    "width": 10996,
    "left": 16.717670905846273,
    "bottom": 52.49940032445857,
    "right": 16.75106609060777,
    "top": 52.52143397900974,
    "province": "wielkopolskie"
  },
  "N-33-139-C-d-2-2": {
    "height": 7484,
    "width": 11394,
    "left": 15.216988926036796,
    "bottom": 52.061502631378374,
    "right": 15.251744731337812,
    "top": 52.0843315278917,
    "province": "lubuskie"
  },
  "N-33-139-C-d-2-4": {
    "height": 7487,
    "width": 11396,
    "left": 15.216992656390063,
    "bottom": 52.040666629793826,
    "right": 15.251745014647756,
    "top": 52.06349840465126,
    "province": "lubuskie"
  },
  "N-33-139-D-c-1-3": {
    "height": 7483,
    "width": 11389,
    "left": 15.248256077304898,
    "bottom": 52.040676275866815,
    "right": 15.282979919020317,
    "top": 52.06349114175113,
    "province": "lubuskie"
  },
  "N-33-60-D-c-4-2": {
    "height": 3482,
    "width": 5268,
    "left": 17.84315983549304,
    "bottom": 54.353871462142514,
    "right": 17.875576251655183,
    "top": 54.37529780251392,
    "province": "pomorskie"
  },
  "N-33-60-D-d-1-2": {
    "height": 3477,
    "width": 5257,
    "left": 17.905691511671662,
    "bottom": 54.39555205828912,
    "right": 17.93803803933679,
    "top": 54.416946175978225,
    "province": "pomorskie"
  },
  "N-33-96-D-d-1-1": {
    "height": 3519,
    "width": 5314,
    "left": 17.874443152371942,
    "bottom": 53.39553929865309,
    "right": 17.906787328291326,
    "top": 53.416958033139416,
    "province": "kujawsko-pomorskie"
  },
  "N-34-106-A-b-3-4": {
    "height": 7736,
    "width": 11835,
    "left": 22.654474285800084,
    "bottom": 53.24903744768529,
    "right": 22.68929133501948,
    "top": 53.27179576562033,
    "province": "podlaskie"
  },
  "N-34-106-A-c-1-3": {
    "height": 7703,
    "width": 11775,
    "left": 22.49830066673212,
    "bottom": 53.20741126346053,
    "right": 22.53296577766725,
    "top": 53.23008857552281,
    "province": "podlaskie"
  },
  "N-34-140-A-b-3-2": {
    "height": 7583,
    "width": 11505,
    "left": 21.655003856755776,
    "bottom": 52.27012517543872,
    "right": 21.688758835656593,
    "top": 52.292373241931976,
    "province": "mazowieckie"
  },
  "N-34-140-A-b-4-2": {
    "height": 7597,
    "width": 11530,
    "left": 21.717474467437622,
    "bottom": 52.270108926611755,
    "right": 21.751289481380148,
    "top": 52.29238929616261,
    "province": "mazowieckie"
  },
  "N-34-140-A-d-3-4": {
    "height": 7591,
    "width": 11514,
    "left": 21.655009092185185,
    "bottom": 52.1659578243779,
    "right": 21.688757304468965,
    "top": 52.188207492559776,
    "province": "mazowieckie"
  },
  "N-34-140-A-d-4-2": {
    "height": 7604,
    "width": 11537,
    "left": 21.7174772592806,
    "bottom": 52.18677606852878,
    "right": 21.7512854262795,
    "top": 52.20905892385162,
    "province": "mazowieckie"
  },
  "N-34-61-B-a-1-1": {
    "height": 3461,
    "width": 5220,
    "left": 18.249615240995563,